ID	Description	GeneRatio	BgRatio	pvalue	p.adjust	qvalue	geneID	Count
hsa04110	Cell cycle	26/568	158/8841	7.62597073335511e-06	0.0025318222834739	0.00252058401081421	995/1871/2932/3066/4085/4175/5000/5111/5526/5529/5934/6502/7042/7272/7534/8379/8556/9134/9184/9978/10393/10926/10971/23595/119504/151648	26
hsa00270	Cysteine and methionine metabolism	13/568	52/8841	1.71647461615287e-05	0.00284934786281377	0.0028367001551158	262/586/1491/1786/2805/2806/3945/27430/29968/51074/55256/64902/113675	13
hsa01230	Biosynthesis of amino acids	14/568	75/8841	0.000253812615980533	0.0280885961685123	0.027963916286978	586/1373/1491/2805/2806/5091/5230/5723/5832/6120/22934/27430/29968/113675	14
